Sample ID,Sample Details,Test,Results,Units,Absorbance,QC Pro result,Operator,Man Dil Factor,Auto Dil Factor,Date and Time
Standard 1,,Sulfate,   0.00,mg SO4/L,0.001946, ,UTESE,1,1,2025-08-20 15:56:15
Standard 1,,Nitrate (NOx), 0.0559,mg N/L,0.055881, ,UTESE,1,1,2025-08-20 14:28:43
Standard 1,,Phosphate ,  0.003,mg P/L,0.002870, ,UTESE,1,1,2025-08-20 15:02:34
Standard 1,,Nitrite,   0.00,ug N/L,0.002642, ,UTESE,1,1,2025-08-20 13:20:47
Standard 1,,Ammonia (PPS), 0.0012,mg N/L,0.001202, ,UTESE,1,1,2025-08-20 12:24:00
Standard 90,,Sulfate,   0.03,mg SO4/L,0.025975, ,UTESE,1,1,2025-08-20 15:56:40
Standard 90,,Nitrate (NOx), 0.0655,mg N/L,0.065453, ,UTESE,1,1,2025-08-20 14:29:08
Standard 90,,Phosphate ,  0.011,mg P/L,0.010899, ,UTESE,1,1,2025-08-20 15:03:00
1ppb NO2-N,,Nitrite,   0.00,ug N/L,0.003158, ,UTESE,1,1,2025-08-20 13:21:11
Standard 90,,Ammonia (PPS), 0.0038,mg N/L,0.003791, ,UTESE,1,1,2025-08-20 12:24:24
Standard 91,,Sulfate,   0.08,mg SO4/L,0.077640, ,UTESE,1,1,2025-08-20 15:57:05
Standard 91,,Nitrate (NOx), 0.0728,mg N/L,0.072833, ,UTESE,1,1,2025-08-20 14:29:33
Standard 91,,Phosphate ,  0.018,mg P/L,0.017870, ,UTESE,1,1,2025-08-20 15:03:26
2ppb NO2-N,,Nitrite,   0.01,ug N/L,0.005096, ,UTESE,1,1,2025-08-20 13:21:35
Standard 91,,Ammonia (PPS), 0.0056,mg N/L,0.005627, ,UTESE,1,1,2025-08-20 12:25:36
Standard 92,,Sulfate,   0.10,mg SO4/L,0.099604, ,UTESE,1,1,2025-08-20 15:57:30
Standard 92,,Nitrate (NOx), 0.0945,mg N/L,0.094547, ,UTESE,1,1,2025-08-20 14:29:57
Standard 92,,Phosphate ,  0.026,mg P/L,0.025833, ,UTESE,1,1,2025-08-20 15:03:52
5ppb NO2-N,,Nitrite,   0.01,ug N/L,0.012413, ,UTESE,1,1,2025-08-20 13:21:59
Standard 92,,Ammonia (PPS), 0.0080,mg N/L,0.007989, ,UTESE,1,1,2025-08-20 12:26:01
Standard 93,,Sulfate,   0.12,mg SO4/L,0.118558, ,UTESE,1,1,2025-08-20 15:57:56
Standard 93,,Nitrate (NOx), 0.0966,mg N/L,0.096585, ,UTESE,1,1,2025-08-20 14:30:22
Standard 93,,Phosphate ,  0.041,mg P/L,0.041133, ,UTESE,1,1,2025-08-20 15:04:18
10ppb NO2-N,,Nitrite,   0.02,ug N/L,0.024979, ,UTESE,1,1,2025-08-20 13:22:23
Standard 93,,Ammonia (PPS), 0.0103,mg N/L,0.010259, ,UTESE,1,1,2025-08-20 12:27:13
Standard 94,,Sulfate,   0.13,mg SO4/L,0.133807, ,UTESE,1,1,2025-08-20 15:58:21
Standard 94,,Nitrate (NOx), 0.1371,mg N/L,0.137067, ,UTESE,1,1,2025-08-20 14:30:47
Standard 94,,Phosphate ,  0.081,mg P/L,0.081481, ,UTESE,1,1,2025-08-20 15:04:44
25ppb NO2-N,,Nitrite,   0.06,ug N/L,0.058946, ,UTESE,1,1,2025-08-20 13:22:47
Standard 94,,Ammonia (PPS), 0.0125,mg N/L,0.012548, ,UTESE,1,1,2025-08-20 12:27:38
Standard 95,,Sulfate,   0.15,mg SO4/L,0.146385, ,UTESE,1,1,2025-08-20 15:58:46
Standard 95,,Nitrate (NOx), 0.2114,mg N/L,0.211424, ,UTESE,1,1,2025-08-20 14:31:12
Standard 95,,Phosphate ,  0.118,mg P/L,0.118445, ,UTESE,1,1,2025-08-20 15:05:11
50ppb NO2-N,,Nitrite,   0.12,ug N/L,0.117969, ,UTESE,1,1,2025-08-20 13:23:11
Standard 95,,Ammonia (PPS), 0.0235,mg N/L,0.023477, ,UTESE,1,1,2025-08-20 12:28:50
Standard 96,,Sulfate,   0.16,mg SO4/L,0.158577, ,UTESE,1,1,2025-08-20 15:59:11
Standard 96,,Nitrate (NOx), 0.3077,mg N/L,0.307698, ,UTESE,1,1,2025-08-20 14:31:37
Standard 96,,Phosphate ,  0.158,mg P/L,0.157895, ,UTESE,1,1,2025-08-20 15:05:36
75ppb NO2-N,,Nitrite,   0.18,ug N/L,0.178322, ,UTESE,1,1,2025-08-20 13:23:35
Standard 96,,Ammonia (PPS), 0.0341,mg N/L,0.034122, ,UTESE,1,1,2025-08-20 12:29:14
Standard 97,,Sulfate,   0.17,mg SO4/L,0.172146, ,UTESE,1,1,2025-08-20 15:59:37
Standard 97,,Nitrate (NOx), 0.4497,mg N/L,0.449702, ,UTESE,1,1,2025-08-20 14:32:01
Standard 97,,Phosphate ,  0.238,mg P/L,0.238028, ,UTESE,1,1,2025-08-20 15:06:03
150ppb NO2-N,,Nitrite,   0.35,ug N/L,0.349862, ,UTESE,1,1,2025-08-20 13:24:00
Standard 97,,Ammonia (PPS), 0.0568,mg N/L,0.056797, ,UTESE,1,1,2025-08-20 12:30:26
Standard 98,,Nitrate (NOx), 0.6876,mg N/L,0.687580, ,UTESE,1,1,2025-08-20 14:32:26
Standard 98,,Phosphate ,  0.304,mg P/L,0.304262, ,UTESE,1,1,2025-08-20 15:06:28
200ppb NO2-N,,Nitrite,   0.45,ug N/L,0.453333, ,UTESE,1,1,2025-08-20 13:24:24
Standard 98,,Ammonia (PPS), 0.0833,mg N/L,0.083311, ,UTESE,1,1,2025-08-20 12:30:51
Standard 99,,Nitrate (NOx), 0.8340,mg N/L,0.834005, ,UTESE,1,1,2025-08-20 14:32:51
Standard 99,,Phosphate ,  0.386,mg P/L,0.385669, ,UTESE,1,1,2025-08-20 15:06:54
Standard 99,,Ammonia (PPS), 0.1072,mg N/L,0.107214, ,UTESE,1,1,2025-08-20 12:32:03
Standard 0,,Sulfate,   0.00,mg SO4/L,0.002145, ,UTESE,1,1,2025-08-20 16:00:02
Standard 0,,Nitrate (NOx), 0.0613,mg N/L,0.061251, ,UTESE,1,1,2025-08-20 14:33:16
Standard 0,,Phosphate ,  0.007,mg P/L,0.006738, ,UTESE,1,1,2025-08-20 15:07:19
Standard 0,,Nitrite,   0.01,ug N/L,0.008789, ,UTESE,1,1,2025-08-20 13:24:48
Standard 0,,Ammonia (PPS), 0.0017,mg N/L,0.001702, ,UTESE,1,1,2025-08-20 12:32:27
Nitrate Standard,1 ppm NO3,Nitrate (NOx), 1.0194,mg N/L,0.853395, ,UTESE,1,1,2025-08-20 14:33:40
Nitrite Standard,1 ppm NO2,Nitrate (NOx), 0.9742,mg N/L,0.818157,104.64,UTESE,1,1,2025-08-20 14:34:06
CCV,,Sulfate,  16.26,mg SO4/L,0.102205,0.00,UTESE,1,1,2025-08-20 16:00:27
CCV,,Nitrate (NOx), 0.0967,mg N/L,0.134267,0.00,UTESE,1,1,2025-08-20 14:34:31
CCV,,Phosphate ,  0.082,mg P/L,0.034828,0.00,UTESE,1,1,2025-08-20 15:07:45
CCV,,Nitrite,   4.72,ug N/L,0.013227,0.00,UTESE,1,1,2025-08-20 13:25:12
CCV,,Ammonia (PPS), 0.0949,mg N/L,0.006865,0.00,UTESE,1,1,2025-08-20 12:33:40
CCB,,Sulfate,   0.04,mg SO4/L,0.002217,0.00,UTESE,1,1,2025-08-20 16:00:53
CCB,,Nitrate (NOx),-0.0017,mg N/L,0.057556,0.00,UTESE,1,1,2025-08-20 14:34:56
CCB,,Phosphate ,  0.003,mg P/L,0.004692,0.00,UTESE,1,1,2025-08-20 15:08:12
CCB,,Nitrite,  -0.28,ug N/L,0.001823,0.00,UTESE,1,1,2025-08-20 13:25:36
CCB,,Ammonia (PPS),-0.0080,mg N/L,0.001354,0.00,UTESE,1,1,2025-08-20 12:34:04
1_1_R34_4192024_ch1_trC_cm,,Sulfate,  10.03,mg SO4/L,0.060683, ,UTESE,1,1,2025-08-20 16:01:18
1_1_R34_4192024_ch1_trC_cm,,Nitrate (NOx),-0.0006,mg N/L,0.058418, ,UTESE,1,1,2025-08-20 14:35:21
1_1_R34_4192024_ch1_trC_cm,,Phosphate ,  0.090,mg P/L,0.038060, ,UTESE,1,1,2025-08-20 15:08:39
1_1_R34_4192024_ch1_trC_cm,,Nitrite,   3.02,ug N/L,0.009353, ,UTESE,1,1,2025-08-20 13:26:00
1_1_R34_4192024_ch1_trC_cm,,Ammonia (PPS), 0.5704,mg N/L,0.032336, ,UTESE,1,1,2025-08-20 12:35:17
1_2_R35_4192024_ch2_trC_cm,,Sulfate,   3.23,mg SO4/L,0.016666, ,UTESE,1,1,2025-08-20 16:01:44
1_2_R35_4192024_ch2_trC_cm,,Nitrate (NOx), 0.0218,mg N/L,0.075859, ,UTESE,1,1,2025-08-20 14:35:46
1_2_R35_4192024_ch2_trC_cm,,Phosphate ,  0.041,mg P/L,0.019218, ,UTESE,1,1,2025-08-20 15:09:05
1_2_R35_4192024_ch2_trC_cm,,Nitrite,   1.90,ug N/L,0.006798, ,UTESE,1,1,2025-08-20 13:26:25
1_2_R35_4192024_ch2_trC_cm,,Ammonia (PPS), 0.4737,mg N/L,0.027157, ,UTESE,1,1,2025-08-20 12:35:41
1_3_R36_4192024_ch3_trC_cm,,Sulfate,   4.19,mg SO4/L,0.021741, ,UTESE,1,1,2025-08-20 16:02:09
1_3_R36_4192024_ch3_trC_cm,,Nitrate (NOx), 0.0253,mg N/L,0.078622, ,UTESE,1,1,2025-08-20 14:36:10
1_3_R36_4192024_ch3_trC_cm,,Phosphate ,  0.082,mg P/L,0.034881, ,UTESE,1,1,2025-08-20 15:09:32
1_3_R36_4192024_ch3_trC_cm,,Nitrite,   1.65,ug N/L,0.006213, ,UTESE,1,1,2025-08-20 13:26:49
1_3_R36_4192024_ch3_trC_cm,,Ammonia (PPS), 0.5393,mg N/L,0.030669, ,UTESE,1,1,2025-08-20 12:36:54
1_4_R37_4192024_ch4_trC_cm,,Sulfate,   2.65,mg SO4/L,0.013816, ,UTESE,1,1,2025-08-20 16:02:34
1_4_R37_4192024_ch4_trC_cm,,Nitrate (NOx), 0.0034,mg N/L,0.061520, ,UTESE,1,1,2025-08-20 14:36:35
1_4_R37_4192024_ch4_trC_cm,,Phosphate ,  0.021,mg P/L,0.011554, ,UTESE,1,1,2025-08-20 15:09:58
1_4_R37_4192024_ch4_trC_cm,,Nitrite,   0.53,ug N/L,0.003672, ,UTESE,1,1,2025-08-20 13:27:13
1_4_R37_4192024_ch4_trC_cm,,Ammonia (PPS), 0.5158,mg N/L,0.029407, ,UTESE,1,1,2025-08-20 12:37:18
1_5_R38_4192024_ch5_trE_cm,,Sulfate,   4.00,mg SO4/L,0.020688, ,UTESE,1,1,2025-08-20 16:02:59
1_5_R38_4192024_ch5_trE_cm,,Nitrate (NOx), 0.0008,mg N/L,0.059540, ,UTESE,1,1,2025-08-20 14:37:00
1_5_R38_4192024_ch5_trE_cm,,Phosphate ,  0.005,mg P/L,0.005379, ,UTESE,1,1,2025-08-20 15:10:24
1_5_R38_4192024_ch5_trE_cm,,Nitrite,   0.57,ug N/L,0.003747, ,UTESE,1,1,2025-08-20 13:27:37
1_5_R38_4192024_ch5_trE_cm,,Ammonia (PPS), 0.6109,mg N/L,0.034505, ,UTESE,1,1,2025-08-20 12:38:30
1_6_R39_4192024_ch6_trE_cm,,Sulfate,   6.95,mg SO4/L,0.038455, ,UTESE,1,1,2025-08-20 16:03:25
1_6_R39_4192024_ch6_trE_cm,,Nitrate (NOx), 0.1291,mg N/L,0.159473, ,UTESE,1,1,2025-08-20 14:37:25
1_6_R39_4192024_ch6_trE_cm,,Phosphate ,  0.042,mg P/L,0.019660, ,UTESE,1,1,2025-08-20 15:10:50
1_6_R39_4192024_ch6_trE_cm,,Nitrite,   1.79,ug N/L,0.006547, ,UTESE,1,1,2025-08-20 13:28:01
1_6_R39_4192024_ch6_trE_cm,,Ammonia (PPS), 1.0195,mg N/L,0.056390, ,UTESE,1,1,2025-08-20 12:38:54
1_7_R40_4192024_ch7_trE_cm,,Sulfate,   3.81,mg SO4/L,0.019680, ,UTESE,1,1,2025-08-20 16:03:50
1_7_R40_4192024_ch7_trE_cm,,Nitrate (NOx),-0.0018,mg N/L,0.057512, ,UTESE,1,1,2025-08-20 14:37:49
1_7_R40_4192024_ch7_trE_cm,,Phosphate ,  0.019,mg P/L,0.010852, ,UTESE,1,1,2025-08-20 15:11:16
1_7_R40_4192024_ch7_trE_cm,,Nitrite,   0.50,ug N/L,0.003595, ,UTESE,1,1,2025-08-20 13:28:25
1_7_R40_4192024_ch7_trE_cm,,Ammonia (PPS), 0.7345,mg N/L,0.041125, ,UTESE,1,1,2025-08-20 12:40:06
1_8_R41_4192024_ch8_trE_cm,,Sulfate,   1.98,mg SO4/L,0.010620, ,UTESE,1,1,2025-08-20 16:04:15
1_8_R41_4192024_ch8_trE_cm,,Nitrate (NOx), 0.0080,mg N/L,0.065088, ,UTESE,1,1,2025-08-20 14:38:14
1_8_R41_4192024_ch8_trE_cm,,Phosphate ,  0.007,mg P/L,0.006235, ,UTESE,1,1,2025-08-20 15:11:42
1_8_R41_4192024_ch8_trE_cm,,Nitrite,   0.58,ug N/L,0.003783, ,UTESE,1,1,2025-08-20 13:28:49
1_8_R41_4192024_ch8_trE_cm,,Ammonia (PPS), 0.4396,mg N/L,0.025329, ,UTESE,1,1,2025-08-20 12:40:31
1_9_R42_5022024_ch1_trC_cm,,Sulfate,   2.41,mg SO4/L,0.012656, ,UTESE,1,1,2025-08-20 16:04:41
1_9_R42_5022024_ch1_trC_cm,,Nitrate (NOx), 0.0043,mg N/L,0.062234, ,UTESE,1,1,2025-08-20 14:38:39
1_9_R42_5022024_ch1_trC_cm,,Phosphate ,  0.002,mg P/L,0.004536, ,UTESE,1,1,2025-08-20 15:12:09
1_9_R42_5022024_ch1_trC_cm,,Nitrite,   0.45,ug N/L,0.003491, ,UTESE,1,1,2025-08-20 13:29:13
1_9_R42_5022024_ch1_trC_cm,,Ammonia (PPS), 0.3179,mg N/L,0.018807, ,UTESE,1,1,2025-08-20 12:41:43
1_10_R43_5022024_ch2_trC_cm,,Sulfate,   5.06,mg SO4/L,0.004143, ,UTESE,10.000,1,2025-08-20 16:05:06
1_10_R43_5022024_ch2_trC_cm,,Nitrate (NOx), 0.0272,mg N/L,0.061006, ,UTESE,10.000,1,2025-08-20 14:39:04
1_10_R43_5022024_ch2_trC_cm,,Phosphate ,  0.017,mg P/L,0.004263, ,UTESE,10.000,1,2025-08-20 15:12:35
1_10_R43_5022024_ch2_trC_cm,,Nitrite,   7.06,ug N/L,0.004066, ,UTESE,10.000,1,2025-08-20 13:29:37
1_10_R43_5022024_ch2_trC_cm,,Ammonia (PPS), 0.0288,mg N/L,0.001936, ,UTESE,10.000,1,2025-08-20 12:42:08
CCV,,Sulfate,  16.19,mg SO4/L,0.101843,0.00,UTESE,1,1,2025-08-20 16:05:31
CCV,,Nitrate (NOx), 0.0861,mg N/L,0.125996,0.00,UTESE,1,1,2025-08-20 14:39:28
CCV,,Phosphate ,  0.082,mg P/L,0.034918,0.00,UTESE,1,1,2025-08-20 15:13:01
CCV,,Nitrite,   4.06,ug N/L,0.011728,0.00,UTESE,1,1,2025-08-20 13:30:01
CCV,,Ammonia (PPS), 0.0965,mg N/L,0.006948,0.00,UTESE,1,1,2025-08-20 12:43:20
CCB,,Sulfate,   0.02,mg SO4/L,0.002146,0.00,UTESE,1,1,2025-08-20 16:05:57
CCB,,Nitrate (NOx),-0.0020,mg N/L,0.057336,0.00,UTESE,1,1,2025-08-20 14:39:54
CCB,,Phosphate ,  0.006,mg P/L,0.005737,0.00,UTESE,1,1,2025-08-20 15:13:27
CCB,,Nitrite,  -0.64,ug N/L,0.000990,0.00,UTESE,1,1,2025-08-20 13:30:26
CCB,,Ammonia (PPS),-0.0032,mg N/L,0.001609,0.00,UTESE,1,1,2025-08-20 12:43:44
1_11_R44_5022024_ch3_trC_cm,,Sulfate,   3.51,mg SO4/L,0.018135, ,UTESE,1,1,2025-08-20 16:06:23
1_11_R44_5022024_ch3_trC_cm,,Nitrate (NOx), 0.0163,mg N/L,0.071586, ,UTESE,1,1,2025-08-20 14:40:19
1_11_R44_5022024_ch3_trC_cm,,Phosphate ,  0.022,mg P/L,0.012150, ,UTESE,1,1,2025-08-20 15:13:54
1_11_R44_5022024_ch3_trC_cm,,Nitrite,   0.75,ug N/L,0.004159, ,UTESE,1,1,2025-08-20 13:30:50
1_11_R44_5022024_ch3_trC_cm,,Ammonia (PPS), 0.5129,mg N/L,0.029253, ,UTESE,1,1,2025-08-20 12:44:57
1_12_R45_5022024_ch4_trC_cm,,Sulfate,   2.46,mg SO4/L,0.012889, ,UTESE,1,1,2025-08-20 16:06:48
1_12_R45_5022024_ch4_trC_cm,,Nitrate (NOx), 0.0126,mg N/L,0.068736, ,UTESE,1,1,2025-08-20 14:40:44
1_12_R45_5022024_ch4_trC_cm,,Phosphate ,  0.008,mg P/L,0.006576, ,UTESE,1,1,2025-08-20 15:14:19
1_12_R45_5022024_ch4_trC_cm,,Nitrite,   1.82,ug N/L,0.006608, ,UTESE,1,1,2025-08-20 13:31:14
1_12_R45_5022024_ch4_trC_cm,,Ammonia (PPS), 0.1802,mg N/L,0.011433, ,UTESE,1,1,2025-08-20 12:45:22
1_13_R46_5022024_ch5_trE_cm,,Sulfate,   3.80,mg SO4/L,0.019626, ,UTESE,1,1,2025-08-20 16:07:14
1_13_R46_5022024_ch5_trE_cm,,Nitrate (NOx),-0.0019,mg N/L,0.057418, ,UTESE,1,1,2025-08-20 14:41:09
1_13_R46_5022024_ch5_trE_cm,,Phosphate ,  0.006,mg P/L,0.005819, ,UTESE,1,1,2025-08-20 15:14:46
1_13_R46_5022024_ch5_trE_cm,,Nitrite,   0.44,ug N/L,0.003461, ,UTESE,1,1,2025-08-20 13:31:38
1_13_R46_5022024_ch5_trE_cm,,Ammonia (PPS), 0.3281,mg N/L,0.019355, ,UTESE,1,1,2025-08-20 12:46:34
1_14_R47_5022024_ch7_trE_cm,,Sulfate,   3.28,mg SO4/L,0.016951, ,UTESE,1,1,2025-08-20 16:07:39
1_14_R47_5022024_ch7_trE_cm,,Nitrate (NOx),-0.0004,mg N/L,0.058564, ,UTESE,1,1,2025-08-20 14:41:33
1_14_R47_5022024_ch7_trE_cm,,Phosphate ,  0.002,mg P/L,0.004363, ,UTESE,1,1,2025-08-20 15:15:12
1_14_R47_5022024_ch7_trE_cm,,Nitrite,   0.25,ug N/L,0.003031, ,UTESE,1,1,2025-08-20 13:32:02
1_14_R47_5022024_ch7_trE_cm,,Ammonia (PPS), 0.3581,mg N/L,0.020960, ,UTESE,1,1,2025-08-20 12:46:58
1_15_R48_5102024_ch1_trC_cm,,Sulfate,   4.87,mg SO4/L,0.025510, ,UTESE,1,1,2025-08-20 16:08:04
1_15_R48_5102024_ch1_trC_cm,,Nitrate (NOx), 0.1372,mg N/L,0.165817, ,UTESE,1,1,2025-08-20 14:41:58
1_15_R48_5102024_ch1_trC_cm,,Phosphate ,  0.042,mg P/L,0.019790, ,UTESE,1,1,2025-08-20 15:15:39
1_15_R48_5102024_ch1_trC_cm,,Nitrite,   8.17,ug N/L,0.021084, ,UTESE,1,1,2025-08-20 13:32:26
1_15_R48_5102024_ch1_trC_cm,,Ammonia (PPS), 0.5874,mg N/L,0.033244, ,UTESE,1,1,2025-08-20 12:48:10
1_16_R49_5102024_ch2_trC_cm,,Sulfate,   4.10,mg SO4/L,0.021210, ,UTESE,1,1,2025-08-20 16:08:29
1_16_R49_5102024_ch2_trC_cm,,Nitrate (NOx), 0.0049,mg N/L,0.062725, ,UTESE,1,1,2025-08-20 14:42:23
1_16_R49_5102024_ch2_trC_cm,,Phosphate ,  0.028,mg P/L,0.014423, ,UTESE,1,1,2025-08-20 15:16:04
1_16_R49_5102024_ch2_trC_cm,,Nitrite,   0.69,ug N/L,0.004020, ,UTESE,1,1,2025-08-20 13:32:50
1_16_R49_5102024_ch2_trC_cm,,Ammonia (PPS), 0.6575,mg N/L,0.037000, ,UTESE,1,1,2025-08-20 12:48:35
1_17_R50_5102024_ch3_trC_cm,,Sulfate,   4.96,mg SO4/L,0.026063, ,UTESE,1,1,2025-08-20 16:08:55
1_17_R50_5102024_ch3_trC_cm,,Nitrate (NOx),-0.0001,mg N/L,0.058830, ,UTESE,1,1,2025-08-20 14:42:48
1_17_R50_5102024_ch3_trC_cm,,Phosphate ,  0.002,mg P/L,0.004534, ,UTESE,1,1,2025-08-20 15:16:31
1_17_R50_5102024_ch3_trC_cm,,Nitrite,   0.74,ug N/L,0.004140, ,UTESE,1,1,2025-08-20 13:33:14
1_17_R50_5102024_ch3_trC_cm,,Ammonia (PPS), 0.5772,mg N/L,0.032700, ,UTESE,1,1,2025-08-20 12:49:47
1_18_R51_5102024_ch4_trC_cm,,Sulfate,   3.97,mg SO4/L,0.020520, ,UTESE,1,1,2025-08-20 16:09:20
1_18_R51_5102024_ch4_trC_cm,,Nitrate (NOx), 0.0014,mg N/L,0.059964, ,UTESE,1,1,2025-08-20 14:43:13
1_18_R51_5102024_ch4_trC_cm,,Phosphate ,  0.017,mg P/L,0.009991, ,UTESE,1,1,2025-08-20 15:16:57
1_18_R51_5102024_ch4_trC_cm,,Nitrite,   0.57,ug N/L,0.003763, ,UTESE,1,1,2025-08-20 13:33:38
1_18_R51_5102024_ch4_trC_cm,,Ammonia (PPS), 0.4715,mg N/L,0.027034, ,UTESE,1,1,2025-08-20 12:50:12
1_19_R52_5102024_ch5_trE_cm,,Sulfate,   8.00,mg SO4/L,0.005385, ,UTESE,10.000,1,2025-08-20 16:09:45
1_19_R52_5102024_ch5_trE_cm,,Nitrate (NOx),-0.0380,mg N/L,0.055925, ,UTESE,10.000,1,2025-08-20 14:43:37
1_19_R52_5102024_ch5_trE_cm,,Phosphate ,  0.107,mg P/L,0.007703, ,UTESE,10.000,1,2025-08-20 15:17:23
1_19_R52_5102024_ch5_trE_cm,,Nitrite,  -1.11,ug N/L,0.002202, ,UTESE,10.000,1,2025-08-20 13:34:03
1_19_R52_5102024_ch5_trE_cm,,Ammonia (PPS), 0.3116,mg N/L,0.003451, ,UTESE,10.000,1,2025-08-20 12:51:24
1_20_R53_5102024_ch6_trE_cm,,Sulfate,   3.00,mg SO4/L,0.003284, ,UTESE,10.000,1,2025-08-20 16:10:10
1_20_R53_5102024_ch6_trE_cm,,Nitrate (NOx), 0.2103,mg N/L,0.075276, ,UTESE,10.000,1,2025-08-20 14:44:02
1_20_R53_5102024_ch6_trE_cm,,Phosphate ,  0.011,mg P/L,0.004035, ,UTESE,10.000,1,2025-08-20 15:17:49
1_20_R53_5102024_ch6_trE_cm,,Nitrite,  -0.49,ug N/L,0.002344, ,UTESE,10.000,1,2025-08-20 13:34:27
1_20_R53_5102024_ch6_trE_cm,,Ammonia (PPS), 0.1141,mg N/L,0.002393, ,UTESE,10.000,1,2025-08-20 12:51:48
CCV,,Sulfate,  15.89,mg SO4/L,0.100212,0.00,UTESE,1,1,2025-08-20 16:10:35
CCV,,Nitrate (NOx), 0.0851,mg N/L,0.125237,0.00,UTESE,1,1,2025-08-20 14:44:27
CCV,,Phosphate ,  0.080,mg P/L,0.034332,0.00,UTESE,1,1,2025-08-20 15:18:15
CCV,,Nitrite,   3.96,ug N/L,0.011480,0.00,UTESE,1,1,2025-08-20 13:34:51
CCV,,Ammonia (PPS), 0.0946,mg N/L,0.006847,0.00,UTESE,1,1,2025-08-20 12:53:01
CCB,,Sulfate,   0.04,mg SO4/L,0.002240,0.00,UTESE,1,1,2025-08-20 16:11:02
CCB,,Nitrate (NOx),-0.0034,mg N/L,0.056259,0.00,UTESE,1,1,2025-08-20 14:44:53
CCB,,Phosphate ,  0.005,mg P/L,0.005585,0.00,UTESE,1,1,2025-08-20 15:18:42
CCB,,Nitrite,  -0.63,ug N/L,0.001017,0.00,UTESE,1,1,2025-08-20 13:35:15
CCB,,Ammonia (PPS), 0.0006,mg N/L,0.001812,0.00,UTESE,1,1,2025-08-20 12:53:27
1_21_R54_5102024_ch7_trE_cm,,Sulfate,   2.88,mg SO4/L,0.014918, ,UTESE,1,1,2025-08-20 16:11:28
1_21_R54_5102024_ch7_trE_cm,,Nitrate (NOx), 0.1336,mg N/L,0.163014, ,UTESE,1,1,2025-08-20 14:45:18
1_21_R54_5102024_ch7_trE_cm,,Phosphate ,  0.011,mg P/L,0.007794, ,UTESE,1,1,2025-08-20 15:19:09
1_21_R54_5102024_ch7_trE_cm,,Nitrite,   4.82,ug N/L,0.013446, ,UTESE,1,1,2025-08-20 13:35:40
1_21_R54_5102024_ch7_trE_cm,,Ammonia (PPS), 0.4516,mg N/L,0.025972, ,UTESE,1,1,2025-08-20 12:54:40
1_22_R55_5102024_ch8_trE_cm,,Sulfate,   3.78,mg SO4/L,0.019539, ,UTESE,1,1,2025-08-20 16:11:53
1_22_R55_5102024_ch8_trE_cm,,Nitrate (NOx), 0.0943,mg N/L,0.132353, ,UTESE,1,1,2025-08-20 14:45:43
1_22_R55_5102024_ch8_trE_cm,,Phosphate ,  0.011,mg P/L,0.007669, ,UTESE,1,1,2025-08-20 15:19:35
1_22_R55_5102024_ch8_trE_cm,,Nitrite,   1.65,ug N/L,0.006225, ,UTESE,1,1,2025-08-20 13:36:04
1_22_R55_5102024_ch8_trE_cm,,Ammonia (PPS), 0.6707,mg N/L,0.037706, ,UTESE,1,1,2025-08-20 12:55:04
1_23_R56_5152024_ch1_trC_cm,,Sulfate,   4.52,mg SO4/L,0.023549, ,UTESE,1,1,2025-08-20 16:12:19
1_23_R56_5152024_ch1_trC_cm,,Nitrate (NOx), 0.1834,mg N/L,0.201826, ,UTESE,1,1,2025-08-20 14:46:08
1_23_R56_5152024_ch1_trC_cm,,Phosphate ,  0.025,mg P/L,0.013277, ,UTESE,1,1,2025-08-20 15:20:02
1_23_R56_5152024_ch1_trC_cm,,Nitrite,   5.64,ug N/L,0.015327, ,UTESE,1,1,2025-08-20 13:36:28
1_23_R56_5152024_ch1_trC_cm,,Ammonia (PPS), 0.4633,mg N/L,0.026600, ,UTESE,1,1,2025-08-20 12:56:16
1_24_R57_5152024_ch2_trC_cm,,Sulfate,   3.75,mg SO4/L,0.019364, ,UTESE,1,1,2025-08-20 16:12:44
1_24_R57_5152024_ch2_trC_cm,,Nitrate (NOx), 0.0120,mg N/L,0.068260, ,UTESE,1,1,2025-08-20 14:46:33
1_24_R57_5152024_ch2_trC_cm,,Phosphate , -0.004,mg P/L,0.007043, ,UTESE,1,1,2025-08-20 19:22:22
1_24_R57_5152024_ch2_trC_cm,,Nitrite,   1.02,ug N/L,0.004777, ,UTESE,1,1,2025-08-20 13:36:52
1_24_R57_5152024_ch2_trC_cm,,Ammonia (PPS), 0.2999,mg N/L,0.017846, ,UTESE,1,1,2025-08-20 12:56:41
1_25_R58_5152024_ch3_trC_cm,,Sulfate,   6.29,mg SO4/L,0.004656, ,UTESE,10.000,1,2025-08-20 16:13:09
1_25_R58_5152024_ch3_trC_cm,,Nitrate (NOx),-0.0254,mg N/L,0.056906, ,UTESE,10.000,1,2025-08-20 14:46:57
1_25_R58_5152024_ch3_trC_cm,,Phosphate ,  0.021,mg P/L,0.004421, ,UTESE,10.000,1,2025-08-20 15:20:53
1_25_R58_5152024_ch3_trC_cm,,Nitrite,  -1.68,ug N/L,0.002072, ,UTESE,10.000,1,2025-08-20 13:37:16
1_25_R58_5152024_ch3_trC_cm,,Ammonia (PPS), 0.0913,mg N/L,0.002271, ,UTESE,10.000,1,2025-08-20 12:57:53
1_26_R59_5152024_ch4_trC_cm,,Sulfate,   4.56,mg SO4/L,0.023759, ,UTESE,1,1,2025-08-20 16:13:34
1_26_R59_5152024_ch4_trC_cm,,Nitrate (NOx), 0.0120,mg N/L,0.068247, ,UTESE,1,1,2025-08-20 14:47:22
1_26_R59_5152024_ch4_trC_cm,,Phosphate ,  0.017,mg P/L,0.014455, ,UTESE,1,1,2025-08-20 19:22:47
1_26_R59_5152024_ch4_trC_cm,,Nitrite,   0.84,ug N/L,0.004377, ,UTESE,1,1,2025-08-20 13:37:40
1_26_R59_5152024_ch4_trC_cm,,Ammonia (PPS), 0.5780,mg N/L,0.032740, ,UTESE,1,1,2025-08-20 12:58:17
1_27_R60_5152024_ch5_trE_cm,,Sulfate,   5.41,mg SO4/L,0.028710, ,UTESE,1,1,2025-08-20 16:13:59
1_27_R60_5152024_ch5_trE_cm,,Nitrate (NOx),-0.0032,mg N/L,0.056426, ,UTESE,1,1,2025-08-20 14:47:47
1_27_R60_5152024_ch5_trE_cm,,Phosphate ,  0.007,mg P/L,0.006412, ,UTESE,1,1,2025-08-20 15:21:45
1_27_R60_5152024_ch5_trE_cm,,Nitrite,   0.52,ug N/L,0.003647, ,UTESE,1,1,2025-08-20 13:38:04
1_27_R60_5152024_ch5_trE_cm,,Ammonia (PPS), 0.7237,mg N/L,0.040544, ,UTESE,1,1,2025-08-20 12:59:29
1_28_R61_5152024_ch6_trE_cm,,Sulfate,   5.98,mg SO4/L,0.032194, ,UTESE,1,1,2025-08-20 16:14:25
1_28_R61_5152024_ch6_trE_cm,,Nitrate (NOx), 0.1038,mg N/L,0.139789, ,UTESE,1,1,2025-08-20 14:48:12
1_28_R61_5152024_ch6_trE_cm,,Phosphate , -0.000,mg P/L,0.003470, ,UTESE,1,1,2025-08-20 15:22:11
1_28_R61_5152024_ch6_trE_cm,,Nitrite,   1.45,ug N/L,0.005759, ,UTESE,1,1,2025-08-20 13:38:29
1_28_R61_5152024_ch6_trE_cm,,Ammonia (PPS), 0.5903,mg N/L,0.033403, ,UTESE,1,1,2025-08-20 12:59:53
1_29_R62_5152024_ch7_trE_cm,,Sulfate,   4.00,mg SO4/L,0.020680, ,UTESE,1,1,2025-08-20 16:14:50
1_29_R62_5152024_ch7_trE_cm,,Nitrate (NOx),-0.0012,mg N/L,0.057969, ,UTESE,1,1,2025-08-20 14:48:36
1_29_R62_5152024_ch7_trE_cm,,Phosphate ,  0.000,mg P/L,0.003755, ,UTESE,1,1,2025-08-20 15:22:37
1_29_R62_5152024_ch7_trE_cm,,Nitrite,   0.41,ug N/L,0.003398, ,UTESE,1,1,2025-08-20 13:38:53
1_29_R62_5152024_ch7_trE_cm,,Ammonia (PPS), 0.8233,mg N/L,0.045878, ,UTESE,1,1,2025-08-20 13:01:05
1_30_R63_5222024_ch1_trC_cm,,Sulfate,   5.10,mg SO4/L,0.026824, ,UTESE,1,1,2025-08-20 16:15:15
1_30_R63_5222024_ch1_trC_cm,,Nitrate (NOx), 0.3010,mg N/L,0.293490, ,UTESE,1,1,2025-08-20 14:49:01
1_30_R63_5222024_ch1_trC_cm,,Phosphate ,  0.009,mg P/L,0.006983, ,UTESE,1,1,2025-08-20 15:23:03
1_30_R63_5222024_ch1_trC_cm,,Nitrite,   4.82,ug N/L,0.013442, ,UTESE,1,1,2025-08-20 13:39:17
1_30_R63_5222024_ch1_trC_cm,,Ammonia (PPS), 0.4855,mg N/L,0.027788, ,UTESE,1,1,2025-08-20 13:01:29
CCV,,Sulfate,  15.82,mg SO4/L,0.099788,0.00,UTESE,1,1,2025-08-20 16:15:40
CCV,,Nitrate (NOx), 0.0903,mg N/L,0.129267,0.00,UTESE,1,1,2025-08-20 14:49:26
CCV,,Phosphate ,  0.082,mg P/L,0.034956,0.00,UTESE,1,1,2025-08-20 15:23:29
CCV,,Nitrite,   4.10,ug N/L,0.011818,0.00,UTESE,1,1,2025-08-20 13:39:41
CCV,,Ammonia (PPS), 0.0989,mg N/L,0.007079,0.00,UTESE,1,1,2025-08-20 13:02:41
CCB,,Sulfate,   0.01,mg SO4/L,0.002081,0.00,UTESE,1,1,2025-08-20 16:16:07
CCB,,Nitrate (NOx),-0.0024,mg N/L,0.057043,0.00,UTESE,1,1,2025-08-20 14:49:52
CCB,,Phosphate ,  0.003,mg P/L,0.004694,0.00,UTESE,1,1,2025-08-20 15:23:56
CCB,,Nitrite,  -0.70,ug N/L,0.000848,0.00,UTESE,1,1,2025-08-20 13:40:06
CCB,,Ammonia (PPS),-0.0062,mg N/L,0.001452,0.00,UTESE,1,1,2025-08-20 13:03:05
1_31_R64_5222024_ch2_trC_cm,,Sulfate,   4.65,mg SO4/L,0.024288, ,UTESE,1,1,2025-08-20 16:16:33
1_31_R64_5222024_ch2_trC_cm,,Nitrate (NOx), 0.1056,mg N/L,0.141181, ,UTESE,1,1,2025-08-20 14:50:18
1_31_R64_5222024_ch2_trC_cm,,Phosphate ,  0.033,mg P/L,0.016040, ,UTESE,1,1,2025-08-20 15:24:22
1_31_R64_5222024_ch2_trC_cm,,Nitrite,   2.75,ug N/L,0.008739, ,UTESE,1,1,2025-08-20 13:40:32
1_31_R64_5222024_ch2_trC_cm,,Ammonia (PPS), 0.3963,mg N/L,0.023010, ,UTESE,1,1,2025-08-20 13:04:18
1_32_R65_5222024_ch3_trC_cm,,Sulfate,   4.43,mg SO4/L,0.023031, ,UTESE,1,1,2025-08-20 16:16:58
1_32_R65_5222024_ch3_trC_cm,,Nitrate (NOx),-0.0021,mg N/L,0.057236, ,UTESE,1,1,2025-08-20 14:50:42
1_32_R65_5222024_ch3_trC_cm,,Phosphate ,  0.000,mg P/L,0.003694, ,UTESE,1,1,2025-08-20 15:24:47
1_32_R65_5222024_ch3_trC_cm,,Nitrite,   0.46,ug N/L,0.003509, ,UTESE,1,1,2025-08-20 13:40:56
1_32_R65_5222024_ch3_trC_cm,,Ammonia (PPS), 0.3728,mg N/L,0.021749, ,UTESE,1,1,2025-08-20 13:04:42
1_33_R66_5222024_ch4_trC_cm,,Sulfate,   4.58,mg SO4/L,0.023903, ,UTESE,1,1,2025-08-20 16:17:24
1_33_R66_5222024_ch4_trC_cm,,Nitrate (NOx), 0.0087,mg N/L,0.065685, ,UTESE,1,1,2025-08-20 14:51:07
1_33_R66_5222024_ch4_trC_cm,,Phosphate ,  0.015,mg P/L,0.009378, ,UTESE,1,1,2025-08-20 15:25:12
1_33_R66_5222024_ch4_trC_cm,,Nitrite,   0.72,ug N/L,0.004109, ,UTESE,1,1,2025-08-20 13:41:20
1_33_R66_5222024_ch4_trC_cm,,Ammonia (PPS), 0.1699,mg N/L,0.010881, ,UTESE,1,1,2025-08-20 13:05:54
1_34_R67_5222024_ch5_trE_cm,,Sulfate,   3.76,mg SO4/L,0.019398, ,UTESE,1,1,2025-08-20 16:17:49
1_34_R67_5222024_ch5_trE_cm,,Nitrate (NOx),-0.0019,mg N/L,0.057403, ,UTESE,1,1,2025-08-20 14:51:32
1_34_R67_5222024_ch5_trE_cm,,Phosphate , -0.002,mg P/L,0.002773, ,UTESE,1,1,2025-08-20 15:25:36
1_34_R67_5222024_ch5_trE_cm,,Nitrite,   0.28,ug N/L,0.003103, ,UTESE,1,1,2025-08-20 13:41:44
1_34_R67_5222024_ch5_trE_cm,,Ammonia (PPS), 0.5954,mg N/L,0.033674, ,UTESE,1,1,2025-08-20 13:06:18
1_35_R68_5222024_ch6_trE_cm,,Sulfate,   6.05,mg SO4/L,0.032580, ,UTESE,1,1,2025-08-20 16:18:14
1_35_R68_5222024_ch6_trE_cm,,Nitrate (NOx), 0.6822,mg N/L,0.590589, ,UTESE,1,1,2025-08-20 14:51:59
1_35_R68_5222024_ch6_trE_cm,,Phosphate ,  0.134,mg P/L,0.054933, ,UTESE,1,1,2025-08-20 15:26:01
1_35_R68_5222024_ch6_trE_cm,,Nitrite,   5.27,ug N/L,0.014482, ,UTESE,1,1,2025-08-20 13:42:08
1_35_R68_5222024_ch6_trE_cm,,Ammonia (PPS), 0.3844,mg N/L,0.022372, ,UTESE,1,1,2025-08-20 13:07:30
1_36_R69_5222024_ch7_trE_cm,,Sulfate,   4.69,mg SO4/L,0.024494, ,UTESE,1,1,2025-08-20 16:18:39
1_36_R69_5222024_ch7_trE_cm,,Nitrate (NOx), 0.0032,mg N/L,0.061349, ,UTESE,1,1,2025-08-20 14:52:24
1_36_R69_5222024_ch7_trE_cm,,Phosphate ,  0.004,mg P/L,0.005277, ,UTESE,1,1,2025-08-20 15:26:26
1_36_R69_5222024_ch7_trE_cm,,Nitrite,   0.55,ug N/L,0.003711, ,UTESE,1,1,2025-08-20 13:42:32
1_36_R69_5222024_ch7_trE_cm,,Ammonia (PPS), 0.8552,mg N/L,0.047591, ,UTESE,1,1,2025-08-20 13:07:54
1_37_R70_5222024_ch8_trE_cm,,Sulfate,   3.03,mg SO4/L,0.015648, ,UTESE,1,1,2025-08-20 16:19:05
1_37_R70_5222024_ch8_trE_cm,,Nitrate (NOx), 0.0160,mg N/L,0.071335, ,UTESE,1,1,2025-08-20 14:52:51
1_37_R70_5222024_ch8_trE_cm,,Phosphate ,  0.014,mg P/L,0.008997, ,UTESE,1,1,2025-08-20 15:26:51
1_37_R70_5222024_ch8_trE_cm,,Nitrite,   0.85,ug N/L,0.004389, ,UTESE,1,1,2025-08-20 13:42:55
1_37_R70_5222024_ch8_trE_cm,,Ammonia (PPS), 0.5655,mg N/L,0.032073, ,UTESE,1,1,2025-08-20 13:09:06
1_38_R71_5292024_ch1_trC_cm,,Sulfate,   2.79,mg SO4/L,0.014499, ,UTESE,1,1,2025-08-20 16:19:30
1_38_R71_5292024_ch1_trC_cm,,Nitrate (NOx), 0.0029,mg N/L,0.061162, ,UTESE,1,1,2025-08-20 14:53:16
1_38_R71_5292024_ch1_trC_cm,,Phosphate ,  0.006,mg P/L,0.005750, ,UTESE,1,1,2025-08-20 15:27:16
1_38_R71_5292024_ch1_trC_cm,,Nitrite,   0.35,ug N/L,0.003248, ,UTESE,1,1,2025-08-20 13:43:19
1_38_R71_5292024_ch1_trC_cm,,Ammonia (PPS), 0.5281,mg N/L,0.030067, ,UTESE,1,1,2025-08-20 13:09:30
1_39_R72_5292024_ch2_trC_cm,,Sulfate,   6.11,mg SO4/L,0.032977, ,UTESE,1,1,2025-08-20 16:19:56
1_39_R72_5292024_ch2_trC_cm,,Nitrate (NOx), 0.1287,mg N/L,0.159203, ,UTESE,1,1,2025-08-20 14:53:43
1_39_R72_5292024_ch2_trC_cm,,Phosphate ,  0.183,mg P/L,0.073608, ,UTESE,1,1,2025-08-20 15:27:41
1_39_R72_5292024_ch2_trC_cm,,Nitrite,   3.35,ug N/L,0.010087, ,UTESE,1,1,2025-08-20 13:43:43
1_39_R72_5292024_ch2_trC_cm,,Ammonia (PPS), 0.3679,mg N/L,0.021490, ,UTESE,1,1,2025-08-20 13:10:41
1_40_R73_5292024_ch3_trC_cm,,Sulfate,   4.83,mg SO4/L,0.025293, ,UTESE,1,1,2025-08-20 16:20:21
1_40_R73_5292024_ch3_trC_cm,,Nitrate (NOx),-0.0007,mg N/L,0.058372, ,UTESE,1,1,2025-08-20 14:54:09
1_40_R73_5292024_ch3_trC_cm,,Phosphate ,  0.004,mg P/L,0.005016, ,UTESE,1,1,2025-08-20 15:28:05
1_40_R73_5292024_ch3_trC_cm,,Nitrite,   0.76,ug N/L,0.004191, ,UTESE,1,1,2025-08-20 13:44:07
1_40_R73_5292024_ch3_trC_cm,,Ammonia (PPS), 0.6444,mg N/L,0.036297, ,UTESE,1,1,2025-08-20 13:11:06
CCV,,Sulfate,  15.80,mg SO4/L,0.099689,0.00,UTESE,1,1,2025-08-20 16:20:46
CCV,,Nitrate (NOx), 0.0870,mg N/L,0.126722,0.00,UTESE,1,1,2025-08-20 14:54:36
CCV,,Phosphate ,  0.081,mg P/L,0.034626,0.00,UTESE,1,1,2025-08-20 15:28:30
CCV,,Nitrite,   4.01,ug N/L,0.011611,0.00,UTESE,1,1,2025-08-20 13:44:31
CCV,,Ammonia (PPS), 0.0931,mg N/L,0.006768,0.00,UTESE,1,1,2025-08-20 13:12:18
CCB,,Sulfate,   0.10,mg SO4/L,0.002472,0.00,UTESE,1,1,2025-08-20 16:21:12
CCB,,Nitrate (NOx),-0.0043,mg N/L,0.055516,0.00,UTESE,1,1,2025-08-20 14:55:05
CCB,,Phosphate ,  0.005,mg P/L,0.005435,0.00,UTESE,1,1,2025-08-20 15:28:56
CCB,,Nitrite,  -0.66,ug N/L,0.000950,0.00,UTESE,1,1,2025-08-20 13:44:56
CCB,,Ammonia (PPS), 0.0002,mg N/L,0.001790,0.00,UTESE,1,1,2025-08-20 13:12:42
1_41_R74_5292024_ch4_trC_cm,,Sulfate,   7.36,mg SO4/L,0.041240, ,UTESE,1,1,2025-08-20 16:21:38
1_41_R74_5292024_ch4_trC_cm,,Nitrate (NOx), 0.0466,mg N/L,0.095215, ,UTESE,1,1,2025-08-20 14:55:32
1_41_R74_5292024_ch4_trC_cm,,Phosphate ,  0.106,mg P/L,0.044136, ,UTESE,1,1,2025-08-20 15:29:22
1_41_R74_5292024_ch4_trC_cm,,Nitrite,   1.92,ug N/L,0.006845, ,UTESE,1,1,2025-08-20 13:45:21
1_41_R74_5292024_ch4_trC_cm,,Ammonia (PPS), 0.4584,mg N/L,0.026335, ,UTESE,1,1,2025-08-20 13:13:55
1_42_R75_5292024_ch5_trE_cm,,Sulfate,   4.61,mg SO4/L,0.003952, ,UTESE,10.000,1,2025-08-20 16:22:03
1_42_R75_5292024_ch5_trE_cm,,Nitrate (NOx),-0.0266,mg N/L,0.056809, ,UTESE,10.000,1,2025-08-20 14:55:58
1_42_R75_5292024_ch5_trE_cm,,Phosphate , -0.017,mg P/L,0.002955, ,UTESE,10.000,1,2025-08-20 15:29:47
1_42_R75_5292024_ch5_trE_cm,,Nitrite,  -2.60,ug N/L,0.001864, ,UTESE,10.000,1,2025-08-20 13:45:45
1_42_R75_5292024_ch5_trE_cm,,Ammonia (PPS), 0.1979,mg N/L,0.002842, ,UTESE,10.000,1,2025-08-20 13:14:19
1_43_R76_5292024_ch6_trE_cm,,Sulfate,   7.95,mg SO4/L,0.045360, ,UTESE,1,1,2025-08-20 16:22:28
1_43_R76_5292024_ch6_trE_cm,,Nitrate (NOx), 0.4893,mg N/L,0.440247, ,UTESE,1,1,2025-08-20 14:56:25
1_43_R76_5292024_ch6_trE_cm,,Phosphate ,  0.155,mg P/L,0.062877, ,UTESE,1,1,2025-08-20 15:30:12
1_43_R76_5292024_ch6_trE_cm,,Nitrite,   4.30,ug N/L,0.012258, ,UTESE,1,1,2025-08-20 13:46:09
1_43_R76_5292024_ch6_trE_cm,,Ammonia (PPS), 0.1312,mg N/L,0.008811, ,UTESE,1,1,2025-08-20 13:15:32
1_44_R77_5292024_ch7_trE_cm,,Sulfate,   6.37,mg SO4/L,0.034612, ,UTESE,1,1,2025-08-20 16:22:53
1_44_R77_5292024_ch7_trE_cm,,Nitrate (NOx),-0.0048,mg N/L,0.055117, ,UTESE,1,1,2025-08-20 14:56:50
1_44_R77_5292024_ch7_trE_cm,,Phosphate ,  0.030,mg P/L,0.015029, ,UTESE,1,1,2025-08-20 15:30:37
1_44_R77_5292024_ch7_trE_cm,,Nitrite,   0.81,ug N/L,0.004296, ,UTESE,1,1,2025-08-20 13:46:33
1_44_R77_5292024_ch7_trE_cm,,Ammonia (PPS), 1.1178,mg N/L,0.061652, ,UTESE,1,1,2025-08-20 13:15:56
1_45_R78_5292024_ch8_trE_cm,,Sulfate,   2.65,mg SO4/L,0.013807, ,UTESE,1,1,2025-08-20 16:23:17
1_45_R78_5292024_ch8_trE_cm,,Nitrate (NOx), 0.0085,mg N/L,0.065519, ,UTESE,1,1,2025-08-20 14:57:17
1_45_R78_5292024_ch8_trE_cm,,Phosphate ,  0.007,mg P/L,0.006430, ,UTESE,1,1,2025-08-20 15:31:01
1_45_R78_5292024_ch8_trE_cm,,Nitrite,   0.56,ug N/L,0.003733, ,UTESE,1,1,2025-08-20 13:46:57
1_45_R78_5292024_ch8_trE_cm,,Ammonia (PPS), 0.7632,mg N/L,0.042660, ,UTESE,1,1,2025-08-20 13:17:08
1_46_R79_5292024_ch_trStream_cm,,Sulfate,   2.93,mg SO4/L,0.015156, ,UTESE,1,1,2025-08-20 16:23:42
1_46_R79_5292024_ch_trStream_cm,,Nitrate (NOx), 3.1222,mg N/L,0.533363, ,UTESE,1,5.000,2025-08-20 19:18:38
1_46_R79_5292024_ch_trStream_cm,,Phosphate ,  0.050,mg P/L,0.022745, ,UTESE,1,1,2025-08-20 15:31:26
1_46_R79_5292024_ch_trStream_cm,,Nitrite,  27.63,ug N/L,0.065475, ,UTESE,1,1,2025-08-20 13:47:21
1_46_R79_5292024_ch_trStream_cm,,Ammonia (PPS), 0.3311,mg N/L,0.019514, ,UTESE,1,1,2025-08-20 13:17:32
Nitrate Standard,1 ppm NO3,Nitrate (NOx), 1.0100,mg N/L,0.846085, ,UTESE,1,1,2025-08-20 14:58:10
Nitrite Standard,1 ppm NO2,Nitrate (NOx), 0.9982,mg N/L,0.836886,101.18,UTESE,1,1,2025-08-20 14:58:38
CCV,,Sulfate,  15.84,mg SO4/L,0.099897,0.00,UTESE,1,1,2025-08-20 16:24:07
CCV,,Nitrate (NOx), 0.0938,mg N/L,0.131963,0.00,UTESE,1,1,2025-08-20 14:59:06
CCV,,Phosphate ,  0.080,mg P/L,0.034065,0.00,UTESE,1,1,2025-08-20 15:53:14
CCV,,Nitrite,   4.58,ug N/L,0.012906,0.00,UTESE,1,1,2025-08-20 13:47:45
CCV,,Ammonia (PPS), 0.0986,mg N/L,0.007064,0.00,UTESE,1,1,2025-08-20 13:18:44
CCB,,Sulfate,   0.05,mg SO4/L,0.002255,0.00,UTESE,1,1,2025-08-20 16:24:33
CCB,,Nitrate (NOx),-0.0033,mg N/L,0.056318,0.00,UTESE,1,1,2025-08-20 14:59:33
CCB,,Phosphate ,  0.001,mg P/L,0.004061,0.00,UTESE,1,1,2025-08-20 15:32:18
CCB,,Nitrite,  -0.49,ug N/L,0.001335,0.00,UTESE,1,1,2025-08-20 13:48:09
CCB,,Ammonia (PPS),-0.0059,mg N/L,0.001465,0.00,UTESE,1,1,2025-08-20 13:19:10
CCV,,Phosphate ,  0.079,mg P/L,0.033937,0.00,UTESE,1,1,2025-08-20 15:52:19
CCB,,Phosphate ,  0.004,mg P/L,0.005055,0.00,UTESE,1,1,2025-08-20 15:52:46
CCV,,Phosphate ,  0.082,mg P/L,0.035018,0.00,UTESE,1,1,2025-08-20 15:53:41
CCB,,Phosphate ,  0.004,mg P/L,0.004962,0.00,UTESE,1,1,2025-08-20 15:54:08
CCV,,Phosphate ,  0.071,mg P/L,0.034151,0.00,UTESE,1,1,2025-08-20 19:21:30
CCB,,Phosphate , -0.004,mg P/L,0.007019,0.00,UTESE,1,1,2025-08-20 19:21:56
CCV,,Phosphate ,  3.259,mg P/L,1.191385,0.00,UTESE,1,1,2025-08-20 19:23:12
CCB,,Phosphate , -0.005,mg P/L,0.006522,0.00,UTESE,1,1,2025-08-20 19:23:38
